{
  "menu": [
    {
      "name": "New",
      "return": [
        {
          "name": "Add Volume",
          "return": "open_volume_popup"
        }
      ]
    }
  ],
  "scene": [
    {
      "name": "Volumes",
      "return": [
        {
          "name": "Volumes",
          "return": "draw_volume"
        },
        {
          "name": "System Info",
          "return": "system_info"
        },
        {
          "name": "Cameras",
          "return": "draw_camera"
        },
        {
          "name": "Window info",
          "return": "draw_window"
        },
        {
          "name": "Transfer Function",
          "return": "transfer_function"
        }
      ]
    },
    {
      "name": "Shader Editor",
      "return": "shader_editor"
    }
  ],
  "popup": [
    {
      "return": "volume_popup"
    }
  ]
}